Indicator ID,Indicator Name,Parent Code,Parent Name,Area Code,Area Name,Area Type,Sex,Age,Category Type,Category,Time period,Value,Lower CI 95.0 limit,Upper CI 95.0 limit,Lower CI 99.8 limit,Upper CI 99.8 limit,Count,Denominator,Value note,Recent Trend,Compared to England value or percentiles,Compared to percentiles,Time period Sortable,New data,Compared to goal
93077,Proportion of the population meeting the recommended '5-a-day' on a 'usual day' (adults),E92000001,England,E06000001,Hartlepool,Districts & UAs (2019/20),Persons,16+ yrs,,,2019/20,49.25492347,44.79412033,53.69101833,,,,481,,Cannot be calculated,Worse,Not compared,20190000,,
93077,Proportion of the population meeting the recommended '5-a-day' on a 'usual day' (adults),E92000001,England,E06000002,Middlesbrough,Districts & UAs (2019/20),Persons,16+ yrs,,,2019/20,47.53646877,43.04548836,51.97026573,,,,476,,Cannot be calculated,Worse,Not compared,20190000,,
93077,Proportion of the population meeting the recommended '5-a-day' on a 'usual day' (adults),E92000001,England,E06000003,Redcar and Cleveland,Districts & UAs (2019/20),Persons,16+ yrs,,,2019/20,44.09497542,39.71337912,48.50806504,,,,492,,Cannot be calculated,Worse,Not compared,20190000,,
93077,Proportion of the population meeting the recommended '5-a-day' on a 'usual day' (adults),E92000001,England,E06000004,Stockton-on-Tees,Districts & UAs (2019/20),Persons,16+ yrs,,,2019/20,54.66315321,50.2120339,58.9742589,,,,481,,Cannot be calculated,Similar,Not compared,20190000,,
93077,Proportion of the population meeting the recommended '5-a-day' on a 'usual day' (adults),E92000001,England,E06000005,Darlington,Districts & UAs (2019/20),Persons,16+ yrs,,,2019/20,50.73368833,46.31597743,55.07266597,,,,492,,Cannot be calculated,Worse,Not compared,20190000,,
93077,Proportion of the population meeting the recommended '5-a-day' on a 'usual day' (adults),E92000001,England,E06000006,Halton,Districts & UAs (2019/20),Persons,16+ yrs,,,2019/20,45.02311315,40.70283796,49.43085977,,,,494,,Cannot be calculated,Worse,Not compared,20190000,,
93077,Proportion of the population meeting the recommended '5-a-day' on a 'usual day' (adults),E92000001,England,E06000007,Warrington,Districts & UAs (2019/20),Persons,16+ yrs,,,2019/20,54.19393006,49.65232635,58.63157305,,,,465,,Cannot be calculated,Similar,Not compared,20190000,,
93077,Proportion of the population meeting the recommended '5-a-day' on a 'usual day' (adults),E92000001,England,E06000008,Blackburn with Darwen,Districts & UAs (2019/20),Persons,16+ yrs,,,2019/20,42.84771449,38.40218838,47.35823493,,,,472,,Cannot be calculated,Worse,Not compared,20190000,,
93077,Proportion of the population meeting the recommended '5-a-day' on a 'usual day' (adults),E92000001,England,E06000009,Blackpool,Districts & UAs (2019/20),Persons,16+ yrs,,,2019/20,44.65588051,40.18006305,49.11662433,,,,477,,Cannot be calculated,Worse,Not compared,20190000,,
93077,Proportion of the population meeting the recommended '5-a-day' on a 'usual day' (adults),E92000001,England,E06000010,Kingston upon Hull,Districts & UAs (2019/20),Persons,16+ yrs,,,2019/20,44.38848108,39.99093321,48.80025851,,,,491,,Cannot be calculated,Worse,Not compared,20190000,,
93077,Proportion of the population meeting the recommended '5-a-day' on a 'usual day' (adults),E92000001,England,E06000011,East Riding of Yorkshire,Districts & UAs (2019/20),Persons,16+ yrs,,,2019/20,60.85186808,56.4323592,65.06789592,,,,478,,Cannot be calculated,Better,Not compared,20190000,,
93077,Proportion of the population meeting the recommended '5-a-day' on a 'usual day' (adults),E92000001,England,E06000012,North East Lincolnshire,Districts & UAs (2019/20),Persons,16+ yrs,,,2019/20,48.93357726,44.42397585,53.3884466,,,,472,,Cannot be calculated,Worse,Not compared,20190000,,
93077,Proportion of the population meeting the recommended '5-a-day' on a 'usual day' (adults),E92000001,England,E06000013,North Lincolnshire,Districts & UAs (2019/20),Persons,16+ yrs,,,2019/20,56.2421331,51.73482187,60.61490171,,,,470,,Cannot be calculated,Similar,Not compared,20190000,,
93077,Proportion of the population meeting the recommended '5-a-day' on a 'usual day' (adults),E92000001,England,E06000014,York,Districts & UAs (2019/20),Persons,16+ yrs,,,2019/20,58.25515631,53.75665723,62.57720364,,,,467,,Cannot be calculated,Similar,Not compared,20190000,,
93077,Proportion of the population meeting the recommended '5-a-day' on a 'usual day' (adults),E92000001,England,E06000015,Derby,Districts & UAs (2019/20),Persons,16+ yrs,,,2019/20,55.03668626,50.43907846,59.53449673,,,,454,,Cannot be calculated,Similar,Not compared,20190000,,
93077,Proportion of the population meeting the recommended '5-a-day' on a 'usual day' (adults),E92000001,England,E06000016,Leicester,Districts & UAs (2019/20),Persons,16+ yrs,,,2019/20,50.9061893,46.39950791,55.39054166,,,,471,,Cannot be calculated,Worse,Not compared,20190000,,
93077,Proportion of the population meeting the recommended '5-a-day' on a 'usual day' (adults),E92000001,England,E06000017,Rutland,Districts & UAs (2019/20),Persons,16+ yrs,,,2019/20,64.89304775,60.49600837,69.06063268,,,,477,,Cannot be calculated,Better,Not compared,20190000,,
93077,Proportion of the population meeting the recommended '5-a-day' on a 'usual day' (adults),E92000001,England,E06000018,Nottingham,Districts & UAs (2019/20),Persons,16+ yrs,,,2019/20,50.13288382,47.89795321,52.36480162,,,,1921,,Cannot be calculated,Worse,Not compared,20190000,,
93077,Proportion of the population meeting the recommended '5-a-day' on a 'usual day' (adults),E92000001,England,E06000019,Herefordshire,Districts & UAs (2019/20),Persons,16+ yrs,,,2019/20,62.74956051,58.40475667,66.88650854,,,,492,,Cannot be calculated,Better,Not compared,20190000,,
93077,Proportion of the population meeting the recommended '5-a-day' on a 'usual day' (adults),E92000001,England,E06000020,Telford and Wrekin,Districts & UAs (2019/20),Persons,16+ yrs,,,2019/20,51.07144683,46.55598997,55.50961086,,,,471,,Cannot be calculated,Similar,Not compared,20190000,,
93077,Proportion of the population meeting the recommended '5-a-day' on a 'usual day' (adults),E92000001,England,E06000021,Stoke-on-Trent,Districts & UAs (2019/20),Persons,16+ yrs,,,2019/20,41.41582277,37.04283034,45.79188938,,,,498,,Cannot be calculated,Worse,Not compared,20190000,,
93077,Proportion of the population meeting the recommended '5-a-day' on a 'usual day' (adults),E92000001,England,E06000022,Bath and North East Somerset,Districts & UAs (2019/20),Persons,16+ yrs,,,2019/20,65.83576289,61.57940218,69.8711256,,,,507,,Cannot be calculated,Better,Not compared,20190000,,
93077,Proportion of the population meeting the recommended '5-a-day' on a 'usual day' (adults),E92000001,England,E06000023,Bristol,Districts & UAs (2019/20),Persons,16+ yrs,,,2019/20,61.8165808,59.64458407,63.93739116,,,,1941,,Cannot be calculated,Better,Not compared,20190000,,
93077,Proportion of the population meeting the recommended '5-a-day' on a 'usual day' (adults),E92000001,England,E06000024,North Somerset,Districts & UAs (2019/20),Persons,16+ yrs,,,2019/20,57.48453074,52.96655305,61.79184179,,,,458,,Cannot be calculated,Similar,Not compared,20190000,,
93077,Proportion of the population meeting the recommended '5-a-day' on a 'usual day' (adults),E92000001,England,E06000025,South Gloucestershire,Districts & UAs (2019/20),Persons,16+ yrs,,,2019/20,60.97290155,56.53102919,65.2582881,,,,481,,Cannot be calculated,Better,Not compared,20190000,,
93077,Proportion of the population meeting the recommended '5-a-day' on a 'usual day' (adults),E92000001,England,E06000026,Plymouth,Districts & UAs (2019/20),Persons,16+ yrs,,,2019/20,52.00333942,47.61019324,56.30234665,,,,497,,Cannot be calculated,Similar,Not compared,20190000,,
93077,Proportion of the population meeting the recommended '5-a-day' on a 'usual day' (adults),E92000001,England,E06000027,Torbay,Districts & UAs (2019/20),Persons,16+ yrs,,,2019/20,61.70254685,57.27375527,65.93786466,,,,478,,Cannot be calculated,Better,Not compared,20190000,,
93077,Proportion of the population meeting the recommended '5-a-day' on a 'usual day' (adults),E92000001,England,E06000030,Swindon,Districts & UAs (2019/20),Persons,16+ yrs,,,2019/20,53.10919246,48.63645581,57.50253412,,,,480,,Cannot be calculated,Similar,Not compared,20190000,,
93077,Proportion of the population meeting the recommended '5-a-day' on a 'usual day' (adults),E92000001,England,E06000031,Peterborough,Districts & UAs (2019/20),Persons,16+ yrs,,,2019/20,47.20006146,42.80463978,51.53838247,,,,497,,Cannot be calculated,Worse,Not compared,20190000,,
93077,Proportion of the population meeting the recommended '5-a-day' on a 'usual day' (adults),E92000001,England,E06000032,Luton,Districts & UAs (2019/20),Persons,16+ yrs,,,2019/20,48.7781475,44.19151235,53.34999786,,,,454,,Cannot be calculated,Worse,Not compared,20190000,,
93077,Proportion of the population meeting the recommended '5-a-day' on a 'usual day' (adults),E92000001,England,E06000033,Southend-on-Sea,Districts & UAs (2019/20),Persons,16+ yrs,,,2019/20,54.61575337,50.09601129,59.04925018,,,,470,,Cannot be calculated,Similar,Not compared,20190000,,
93077,Proportion of the population meeting the recommended '5-a-day' on a 'usual day' (adults),E92000001,England,E06000034,Thurrock,Districts & UAs (2019/20),Persons,16+ yrs,,,2019/20,50.62080778,46.26429352,54.91478176,,,,506,,Cannot be calculated,Worse,Not compared,20190000,,
93077,Proportion of the population meeting the recommended '5-a-day' on a 'usual day' (adults),E92000001,England,E06000035,Medway,Districts & UAs (2019/20),Persons,16+ yrs,,,2019/20,56.74991745,52.24800452,61.12868322,,,,472,,Cannot be calculated,Similar,Not compared,20190000,,
93077,Proportion of the population meeting the recommended '5-a-day' on a 'usual day' (adults),E92000001,England,E06000036,Bracknell Forest,Districts & UAs (2019/20),Persons,16+ yrs,,,2019/20,57.50418322,53.03843028,61.82087451,,,,477,,Cannot be calculated,Similar,Not compared,20190000,,
93077,Proportion of the population meeting the recommended '5-a-day' on a 'usual day' (adults),E92000001,England,E06000037,West Berkshire,Districts & UAs (2019/20),Persons,16+ yrs,,,2019/20,57.69811404,53.35654973,61.8529437,,,,497,,Cannot be calculated,Similar,Not compared,20190000,,
93077,Proportion of the population meeting the recommended '5-a-day' on a 'usual day' (adults),E92000001,England,E06000038,Reading,Districts & UAs (2019/20),Persons,16+ yrs,,,2019/20,56.82165009,52.30177219,61.22893246,,,,469,,Cannot be calculated,Similar,Not compared,20190000,,
93077,Proportion of the population meeting the recommended '5-a-day' on a 'usual day' (adults),E92000001,England,E06000039,Slough,Districts & UAs (2019/20),Persons,16+ yrs,,,2019/20,49.74927042,45.39055794,54.10495732,,,,502,,Cannot be calculated,Worse,Not compared,20190000,,
93077,Proportion of the population meeting the recommended '5-a-day' on a 'usual day' (adults),E92000001,England,E06000040,Windsor and Maidenhead,Districts & UAs (2019/20),Persons,16+ yrs,,,2019/20,60.63824428,56.45106592,64.60932688,,,,523,,Cannot be calculated,Better,Not compared,20190000,,
93077,Proportion of the population meeting the recommended '5-a-day' on a 'usual day' (adults),E92000001,England,E06000041,Wokingham,Districts & UAs (2019/20),Persons,16+ yrs,,,2019/20,57.24213406,52.93814414,61.34108463,,,,501,,Cannot be calculated,Similar,Not compared,20190000,,
93077,Proportion of the population meeting the recommended '5-a-day' on a 'usual day' (adults),E92000001,England,E06000042,Milton Keynes,Districts & UAs (2019/20),Persons,16+ yrs,,,2019/20,56.81349298,52.37311587,61.14737041,,,,486,,Cannot be calculated,Similar,Not compared,20190000,,
93077,Proportion of the population meeting the recommended '5-a-day' on a 'usual day' (adults),E92000001,England,E06000043,Brighton and Hove,Districts & UAs (2019/20),Persons,16+ yrs,,,2019/20,65.28689973,60.9367865,69.36791437,,,,476,,Cannot be calculated,Better,Not compared,20190000,,
93077,Proportion of the population meeting the recommended '5-a-day' on a 'usual day' (adults),E92000001,England,E06000044,Portsmouth,Districts & UAs (2019/20),Persons,16+ yrs,,,2019/20,49.65841298,45.18832127,54.10359047,,,,479,,Cannot be calculated,Worse,Not compared,20190000,,
93077,Proportion of the population meeting the recommended '5-a-day' on a 'usual day' (adults),E92000001,England,E06000045,Southampton,Districts & UAs (2019/20),Persons,16+ yrs,,,2019/20,54.11769768,49.59025414,58.5442433,,,,468,,Cannot be calculated,Similar,Not compared,20190000,,
93077,Proportion of the population meeting the recommended '5-a-day' on a 'usual day' (adults),E92000001,England,E06000046,Isle of Wight,Districts & UAs (2019/20),Persons,16+ yrs,,,2019/20,64.02095892,59.63395964,68.17445538,,,,478,,Cannot be calculated,Better,Not compared,20190000,,
93077,Proportion of the population meeting the recommended '5-a-day' on a 'usual day' (adults),E92000001,England,E06000047,County Durham,Districts & UAs (2019/20),Persons,16+ yrs,,,2019/20,57.77594353,53.26654872,62.17025793,,,,471,,Cannot be calculated,Similar,Not compared,20190000,,
93077,Proportion of the population meeting the recommended '5-a-day' on a 'usual day' (adults),E92000001,England,E06000049,Cheshire East,Districts & UAs (2019/20),Persons,16+ yrs,,,2019/20,53.47853424,49.06770177,57.7936999,,,,493,,Cannot be calculated,Similar,Not compared,20190000,,
93077,Proportion of the population meeting the recommended '5-a-day' on a 'usual day' (adults),E92000001,England,E06000050,Cheshire West and Chester,Districts & UAs (2019/20),Persons,16+ yrs,,,2019/20,54.96237357,50.50061217,59.31047686,,,,481,,Cannot be calculated,Similar,Not compared,20190000,,
93077,Proportion of the population meeting the recommended '5-a-day' on a 'usual day' (adults),E92000001,England,E06000051,Shropshire,Districts & UAs (2019/20),Persons,16+ yrs,,,2019/20,62.20108474,57.84482101,66.35097402,,,,490,,Cannot be calculated,Better,Not compared,20190000,,
93077,Proportion of the population meeting the recommended '5-a-day' on a 'usual day' (adults),E92000001,England,E06000052,Cornwall,Districts & UAs (2019/20),Persons,16+ yrs,,,2019/20,59.45223596,55.06062708,63.62805914,,,,481,,Cannot be calculated,Similar,Not compared,20190000,,
93077,Proportion of the population meeting the recommended '5-a-day' on a 'usual day' (adults),E92000001,England,E06000053,Isles of Scilly,Districts & UAs (2019/20),Persons,16+ yrs,,,2019/20,64.05727402,56.81371472,70.57264292,,,,176,,Cannot be calculated,Better,Not compared,20190000,,
93077,Proportion of the population meeting the recommended '5-a-day' on a 'usual day' (adults),E92000001,England,E06000054,Wiltshire,Districts & UAs (2019/20),Persons,16+ yrs,,,2019/20,58.58002976,54.23606721,62.67730976,,,,483,,Cannot be calculated,Similar,Not compared,20190000,,
93077,Proportion of the population meeting the recommended '5-a-day' on a 'usual day' (adults),E92000001,England,E06000055,Bedford,Districts & UAs (2019/20),Persons,16+ yrs,,,2019/20,51.26222178,46.78014878,55.66423666,,,,478,,Cannot be calculated,Similar,Not compared,20190000,,
93077,Proportion of the population meeting the recommended '5-a-day' on a 'usual day' (adults),E92000001,England,E06000056,Central Bedfordshire,Districts & UAs (2019/20),Persons,16+ yrs,,,2019/20,58.04472092,53.71140143,62.20337726,,,,501,,Cannot be calculated,Similar,Not compared,20190000,,
93077,Proportion of the population meeting the recommended '5-a-day' on a 'usual day' (adults),E92000001,England,E06000057,Northumberland,Districts & UAs (2019/20),Persons,16+ yrs,,,2019/20,57.61601047,53.17390046,61.91925943,,,,483,,Cannot be calculated,Similar,Not compared,20190000,,
93077,Proportion of the population meeting the recommended '5-a-day' on a 'usual day' (adults),E92000001,England,E07000008,Cambridge,Districts & UAs (2019/20),Persons,16+ yrs,,,2019/20,56.85447357,53.23839073,60.32491539,,,,706,,Cannot be calculated,Similar,Not compared,20190000,,
93077,Proportion of the population meeting the recommended '5-a-day' on a 'usual day' (adults),E92000001,England,E07000009,East Cambridgeshire,Districts & UAs (2019/20),Persons,16+ yrs,,,2019/20,61.86786809,57.48749577,66.06174593,,,,489,,Cannot be calculated,Better,Not compared,20190000,,
93077,Proportion of the population meeting the recommended '5-a-day' on a 'usual day' (adults),E92000001,England,E07000010,Fenland,Districts & UAs (2019/20),Persons,16+ yrs,,,2019/20,52.53744737,48.16445819,56.828746,,,,502,,Cannot be calculated,Similar,Not compared,20190000,,
93077,Proportion of the population meeting the recommended '5-a-day' on a 'usual day' (adults),E92000001,England,E07000011,Huntingdonshire,Districts & UAs (2019/20),Persons,16+ yrs,,,2019/20,51.18362271,46.73882243,55.57033224,,,,486,,Cannot be calculated,Similar,Not compared,20190000,,
93077,Proportion of the population meeting the recommended '5-a-day' on a 'usual day' (adults),E92000001,England,E07000012,South Cambridgeshire,Districts & UAs (2019/20),Persons,16+ yrs,,,2019/20,61.9171808,57.50621511,66.12635089,,,,480,,Cannot be calculated,Better,Not compared,20190000,,
93077,Proportion of the population meeting the recommended '5-a-day' on a 'usual day' (adults),E92000001,England,E07000026,Allerdale,Districts & UAs (2019/20),Persons,16+ yrs,,,2019/20,56.90592768,52.56803626,61.09373403,,,,504,,Cannot be calculated,Similar,Not compared,20190000,,
93077,Proportion of the population meeting the recommended '5-a-day' on a 'usual day' (adults),E92000001,England,E07000027,Barrow-in-Furness,Districts & UAs (2019/20),Persons,16+ yrs,,,2019/20,53.18120649,48.70831204,57.57801408,,,,480,,Cannot be calculated,Similar,Not compared,20190000,,
93077,Proportion of the population meeting the recommended '5-a-day' on a 'usual day' (adults),E92000001,England,E07000028,Carlisle,Districts & UAs (2019/20),Persons,16+ yrs,,,2019/20,59.55218497,54.97517108,63.98015739,,,,455,,Cannot be calculated,Similar,Not compared,20190000,,
93077,Proportion of the population meeting the recommended '5-a-day' on a 'usual day' (adults),E92000001,England,E07000029,Copeland,Districts & UAs (2019/20),Persons,16+ yrs,,,2019/20,53.80199536,49.32128922,58.15487966,,,,476,,Cannot be calculated,Similar,Not compared,20190000,,
93077,Proportion of the population meeting the recommended '5-a-day' on a 'usual day' (adults),E92000001,England,E07000030,Eden,Districts & UAs (2019/20),Persons,16+ yrs,,,2019/20,57.26417874,52.98672853,61.37132753,,,,514,,Cannot be calculated,Similar,Not compared,20190000,,
93077,Proportion of the population meeting the recommended '5-a-day' on a 'usual day' (adults),E92000001,England,E07000031,South Lakeland,Districts & UAs (2019/20),Persons,16+ yrs,,,2019/20,64.27882892,59.97007655,68.34567897,,,,491,,Cannot be calculated,Better,Not compared,20190000,,
93077,Proportion of the population meeting the recommended '5-a-day' on a 'usual day' (adults),E92000001,England,E07000032,Amber Valley,Districts & UAs (2019/20),Persons,16+ yrs,,,2019/20,54.96925889,50.51801441,59.27163776,,,,480,,Cannot be calculated,Similar,Not compared,20190000,,
93077,Proportion of the population meeting the recommended '5-a-day' on a 'usual day' (adults),E92000001,England,E07000033,Bolsover,Districts & UAs (2019/20),Persons,16+ yrs,,,2019/20,49.22399061,44.7509772,53.68862976,,,,477,,Cannot be calculated,Worse,Not compared,20190000,,
93077,Proportion of the population meeting the recommended '5-a-day' on a 'usual day' (adults),E92000001,England,E07000034,Chesterfield,Districts & UAs (2019/20),Persons,16+ yrs,,,2019/20,56.19522019,51.79078103,60.4705368,,,,492,,Cannot be calculated,Similar,Not compared,20190000,,
93077,Proportion of the population meeting the recommended '5-a-day' on a 'usual day' (adults),E92000001,England,E07000035,Derbyshire Dales,Districts & UAs (2019/20),Persons,16+ yrs,,,2019/20,67.54152595,63.31985324,71.47850387,,,,495,,Cannot be calculated,Better,Not compared,20190000,,
93077,Proportion of the population meeting the recommended '5-a-day' on a 'usual day' (adults),E92000001,England,E07000036,Erewash,Districts & UAs (2019/20),Persons,16+ yrs,,,2019/20,56.97097461,52.5623882,61.27448437,,,,493,,Cannot be calculated,Similar,Not compared,20190000,,
93077,Proportion of the population meeting the recommended '5-a-day' on a 'usual day' (adults),E92000001,England,E07000037,High Peak,Districts & UAs (2019/20),Persons,16+ yrs,,,2019/20,60.85959829,56.50918235,65.05142794,,,,500,,Cannot be calculated,Better,Not compared,20190000,,
93077,Proportion of the population meeting the recommended '5-a-day' on a 'usual day' (adults),E92000001,England,E07000038,North East Derbyshire,Districts & UAs (2019/20),Persons,16+ yrs,,,2019/20,58.02157219,53.47054427,62.43456769,,,,461,,Cannot be calculated,Similar,Not compared,20190000,,
93077,Proportion of the population meeting the recommended '5-a-day' on a 'usual day' (adults),E92000001,England,E07000039,South Derbyshire,Districts & UAs (2019/20),Persons,16+ yrs,,,2019/20,49.26150042,44.74784209,53.72534781,,,,471,,Cannot be calculated,Worse,Not compared,20190000,,
93077,Proportion of the population meeting the recommended '5-a-day' on a 'usual day' (adults),E92000001,England,E07000040,East Devon,Districts & UAs (2019/20),Persons,16+ yrs,,,2019/20,67.6720753,63.33799763,71.70900501,,,,471,,Cannot be calculated,Better,Not compared,20190000,,
93077,Proportion of the population meeting the recommended '5-a-day' on a 'usual day' (adults),E92000001,England,E07000041,Exeter,Districts & UAs (2019/20),Persons,16+ yrs,,,2019/20,62.66439495,58.21815519,66.91389501,,,,474,,Cannot be calculated,Better,Not compared,20190000,,
93077,Proportion of the population meeting the recommended '5-a-day' on a 'usual day' (adults),E92000001,England,E07000042,Mid Devon,Districts & UAs (2019/20),Persons,16+ yrs,,,2019/20,61.11669957,56.7215005,65.27643736,,,,476,,Cannot be calculated,Better,Not compared,20190000,,
93077,Proportion of the population meeting the recommended '5-a-day' on a 'usual day' (adults),E92000001,England,E07000043,North Devon,Districts & UAs (2019/20),Persons,16+ yrs,,,2019/20,61.89991604,57.53728211,66.03477806,,,,484,,Cannot be calculated,Better,Not compared,20190000,,
93077,Proportion of the population meeting the recommended '5-a-day' on a 'usual day' (adults),E92000001,England,E07000044,South Hams,Districts & UAs (2019/20),Persons,16+ yrs,,,2019/20,67.48212628,63.32574523,71.31958692,,,,495,,Cannot be calculated,Better,Not compared,20190000,,
93077,Proportion of the population meeting the recommended '5-a-day' on a 'usual day' (adults),E92000001,England,E07000045,Teignbridge,Districts & UAs (2019/20),Persons,16+ yrs,,,2019/20,64.22459093,59.87405045,68.31768442,,,,479,,Cannot be calculated,Better,Not compared,20190000,,
93077,Proportion of the population meeting the recommended '5-a-day' on a 'usual day' (adults),E92000001,England,E07000046,Torridge,Districts & UAs (2019/20),Persons,16+ yrs,,,2019/20,54.20749268,49.74210891,58.51478102,,,,476,,Cannot be calculated,Similar,Not compared,20190000,,
93077,Proportion of the population meeting the recommended '5-a-day' on a 'usual day' (adults),E92000001,England,E07000047,West Devon,Districts & UAs (2019/20),Persons,16+ yrs,,,2019/20,66.94913732,62.70487557,70.85446588,,,,473,,Cannot be calculated,Better,Not compared,20190000,,
93077,Proportion of the population meeting the recommended '5-a-day' on a 'usual day' (adults),E92000001,England,E07000061,Eastbourne,Districts & UAs (2019/20),Persons,16+ yrs,,,2019/20,64.91723287,60.65738565,68.92244195,,,,497,,Cannot be calculated,Better,Not compared,20190000,,
93077,Proportion of the population meeting the recommended '5-a-day' on a 'usual day' (adults),E92000001,England,E07000062,Hastings,Districts & UAs (2019/20),Persons,16+ yrs,,,2019/20,45.66528803,41.0513513,50.18746429,,,,451,,Cannot be calculated,Worse,Not compared,20190000,,
93077,Proportion of the population meeting the recommended '5-a-day' on a 'usual day' (adults),E92000001,England,E07000063,Lewes,Districts & UAs (2019/20),Persons,16+ yrs,,,2019/20,61.35623917,56.94452229,65.52850323,,,,472,,Cannot be calculated,Better,Not compared,20190000,,
93077,Proportion of the population meeting the recommended '5-a-day' on a 'usual day' (adults),E92000001,England,E07000064,Rother,Districts & UAs (2019/20),Persons,16+ yrs,,,2019/20,63.13648413,58.72106093,67.33920139,,,,477,,Cannot be calculated,Better,Not compared,20190000,,
93077,Proportion of the population meeting the recommended '5-a-day' on a 'usual day' (adults),E92000001,England,E07000065,Wealden,Districts & UAs (2019/20),Persons,16+ yrs,,,2019/20,65.42087224,61.091392,69.46779894,,,,476,,Cannot be calculated,Better,Not compared,20190000,,
93077,Proportion of the population meeting the recommended '5-a-day' on a 'usual day' (adults),E92000001,England,E07000066,Basildon,Districts & UAs (2019/20),Persons,16+ yrs,,,2019/20,49.79726059,45.39706094,54.12618478,,,,496,,Cannot be calculated,Worse,Not compared,20190000,,
93077,Proportion of the population meeting the recommended '5-a-day' on a 'usual day' (adults),E92000001,England,E07000067,Braintree,Districts & UAs (2019/20),Persons,16+ yrs,,,2019/20,57.02003004,52.66226055,61.22317231,,,,499,,Cannot be calculated,Similar,Not compared,20190000,,
93077,Proportion of the population meeting the recommended '5-a-day' on a 'usual day' (adults),E92000001,England,E07000068,Brentwood,Districts & UAs (2019/20),Persons,16+ yrs,,,2019/20,57.86727662,53.51071484,62.06090649,,,,498,,Cannot be calculated,Similar,Not compared,20190000,,
93077,Proportion of the population meeting the recommended '5-a-day' on a 'usual day' (adults),E92000001,England,E07000069,Castle Point,Districts & UAs (2019/20),Persons,16+ yrs,,,2019/20,54.60978373,50.14495607,58.94339648,,,,479,,Cannot be calculated,Similar,Not compared,20190000,,
93077,Proportion of the population meeting the recommended '5-a-day' on a 'usual day' (adults),E92000001,England,E07000070,Chelmsford,Districts & UAs (2019/20),Persons,16+ yrs,,,2019/20,60.55002354,56.14409295,64.73913007,,,,478,,Cannot be calculated,Better,Not compared,20190000,,
93077,Proportion of the population meeting the recommended '5-a-day' on a 'usual day' (adults),E92000001,England,E07000071,Colchester,Districts & UAs (2019/20),Persons,16+ yrs,,,2019/20,55.34205541,50.79538481,59.76609652,,,,463,,Cannot be calculated,Similar,Not compared,20190000,,
93077,Proportion of the population meeting the recommended '5-a-day' on a 'usual day' (adults),E92000001,England,E07000072,Epping Forest,Districts & UAs (2019/20),Persons,16+ yrs,,,2019/20,61.74181302,57.55506474,65.72670698,,,,527,,Cannot be calculated,Better,Not compared,20190000,,
93077,Proportion of the population meeting the recommended '5-a-day' on a 'usual day' (adults),E92000001,England,E07000073,Harlow,Districts & UAs (2019/20),Persons,16+ yrs,,,2019/20,51.44039686,46.89099667,55.91901233,,,,464,,Cannot be calculated,Similar,Not compared,20190000,,
93077,Proportion of the population meeting the recommended '5-a-day' on a 'usual day' (adults),E92000001,England,E07000074,Maldon,Districts & UAs (2019/20),Persons,16+ yrs,,,2019/20,61.39574268,57.03439,65.49193385,,,,475,,Cannot be calculated,Better,Not compared,20190000,,
93077,Proportion of the population meeting the recommended '5-a-day' on a 'usual day' (adults),E92000001,England,E07000075,Rochford,Districts & UAs (2019/20),Persons,16+ yrs,,,2019/20,55.05168696,50.69053764,59.29982616,,,,503,,Cannot be calculated,Similar,Not compared,20190000,,
93077,Proportion of the population meeting the recommended '5-a-day' on a 'usual day' (adults),E92000001,England,E07000076,Tendring,Districts & UAs (2019/20),Persons,16+ yrs,,,2019/20,50.34454534,45.87235807,54.73072137,,,,480,,Cannot be calculated,Worse,Not compared,20190000,,
93077,Proportion of the population meeting the recommended '5-a-day' on a 'usual day' (adults),E92000001,England,E07000077,Uttlesford,Districts & UAs (2019/20),Persons,16+ yrs,,,2019/20,59.53129666,55.12550348,63.75161842,,,,484,,Cannot be calculated,Similar,Not compared,20190000,,
93077,Proportion of the population meeting the recommended '5-a-day' on a 'usual day' (adults),E92000001,England,E07000078,Cheltenham,Districts & UAs (2019/20),Persons,16+ yrs,,,2019/20,52.41638873,48.00846171,56.66746836,,,,488,,Cannot be calculated,Similar,Not compared,20190000,,
93077,Proportion of the population meeting the recommended '5-a-day' on a 'usual day' (adults),E92000001,England,E07000079,Cotswold,Districts & UAs (2019/20),Persons,16+ yrs,,,2019/20,63.04750057,58.68133603,67.15188145,,,,475,,Cannot be calculated,Better,Not compared,20190000,,
93077,Proportion of the population meeting the recommended '5-a-day' on a 'usual day' (adults),E92000001,England,E07000080,Forest of Dean,Districts & UAs (2019/20),Persons,16+ yrs,,,2019/20,60.67748124,56.32080756,64.80569737,,,,485,,Cannot be calculated,Better,Not compared,20190000,,
93077,Proportion of the population meeting the recommended '5-a-day' on a 'usual day' (adults),E92000001,England,E07000081,Gloucester,Districts & UAs (2019/20),Persons,16+ yrs,,,2019/20,50.4642751,46.0465642,54.80325274,,,,492,,Cannot be calculated,Worse,Not compared,20190000,,
93077,Proportion of the population meeting the recommended '5-a-day' on a 'usual day' (adults),E92000001,England,E07000082,Stroud,Districts & UAs (2019/20),Persons,16+ yrs,,,2019/20,61.97307338,57.5199713,66.16691798,,,,460,,Cannot be calculated,Better,Not compared,20190000,,
93077,Proportion of the population meeting the recommended '5-a-day' on a 'usual day' (adults),E92000001,England,E07000083,Tewkesbury,Districts & UAs (2019/20),Persons,16+ yrs,,,2019/20,60.18151165,55.75272007,64.41682946,,,,478,,Cannot be calculated,Better,Not compared,20190000,,
93077,Proportion of the population meeting the recommended '5-a-day' on a 'usual day' (adults),E92000001,England,E07000084,Basingstoke and Deane,Districts & UAs (2019/20),Persons,16+ yrs,,,2019/20,60.1391378,55.7992161,64.31870398,,,,502,,Cannot be calculated,Better,Not compared,20190000,,
93077,Proportion of the population meeting the recommended '5-a-day' on a 'usual day' (adults),E92000001,England,E07000085,East Hampshire,Districts & UAs (2019/20),Persons,16+ yrs,,,2019/20,59.04944729,54.57951831,63.32618688,,,,470,,Cannot be calculated,Similar,Not compared,20190000,,
93077,Proportion of the population meeting the recommended '5-a-day' on a 'usual day' (adults),E92000001,England,E07000086,Eastleigh,Districts & UAs (2019/20),Persons,16+ yrs,,,2019/20,57.75053287,53.33614588,61.97791218,,,,482,,Cannot be calculated,Similar,Not compared,20190000,,
93077,Proportion of the population meeting the recommended '5-a-day' on a 'usual day' (adults),E92000001,England,E07000087,Fareham,Districts & UAs (2019/20),Persons,16+ yrs,,,2019/20,58.19363594,54.01434874,62.23009195,,,,542,,Cannot be calculated,Similar,Not compared,20190000,,
93077,Proportion of the population meeting the recommended '5-a-day' on a 'usual day' (adults),E92000001,England,E07000088,Gosport,Districts & UAs (2019/20),Persons,16+ yrs,,,2019/20,59.24656402,54.73521353,63.63372133,,,,470,,Cannot be calculated,Similar,Not compared,20190000,,
93077,Proportion of the population meeting the recommended '5-a-day' on a 'usual day' (adults),E92000001,England,E07000089,Hart,Districts & UAs (2019/20),Persons,16+ yrs,,,2019/20,58.64956351,54.30712733,62.78655131,,,,493,,Cannot be calculated,Similar,Not compared,20190000,,
93077,Proportion of the population meeting the recommended '5-a-day' on a 'usual day' (adults),E92000001,England,E07000090,Havant,Districts & UAs (2019/20),Persons,16+ yrs,,,2019/20,56.70495487,52.16358423,61.10947813,,,,463,,Cannot be calculated,Similar,Not compared,20190000,,
93077,Proportion of the population meeting the recommended '5-a-day' on a 'usual day' (adults),E92000001,England,E07000091,New Forest,Districts & UAs (2019/20),Persons,16+ yrs,,,2019/20,60.32924709,55.98247295,64.44365829,,,,486,,Cannot be calculated,Better,Not compared,20190000,,
93077,Proportion of the population meeting the recommended '5-a-day' on a 'usual day' (adults),E92000001,England,E07000092,Rushmoor,Districts & UAs (2019/20),Persons,16+ yrs,,,2019/20,54.99331017,50.55347904,59.34796832,,,,487,,Cannot be calculated,Similar,Not compared,20190000,,
93077,Proportion of the population meeting the recommended '5-a-day' on a 'usual day' (adults),E92000001,England,E07000093,Test Valley,Districts & UAs (2019/20),Persons,16+ yrs,,,2019/20,59.87870271,55.49846586,64.06688153,,,,488,,Cannot be calculated,Better,Not compared,20190000,,
93077,Proportion of the population meeting the recommended '5-a-day' on a 'usual day' (adults),E92000001,England,E07000094,Winchester,Districts & UAs (2019/20),Persons,16+ yrs,,,2019/20,63.52000803,59.17726931,67.62715654,,,,486,,Cannot be calculated,Better,Not compared,20190000,,
93077,Proportion of the population meeting the recommended '5-a-day' on a 'usual day' (adults),E92000001,England,E07000095,Broxbourne,Districts & UAs (2019/20),Persons,16+ yrs,,,2019/20,52.65549985,48.29655487,56.92624367,,,,505,,Cannot be calculated,Similar,Not compared,20190000,,
93077,Proportion of the population meeting the recommended '5-a-day' on a 'usual day' (adults),E92000001,England,E07000096,Dacorum,Districts & UAs (2019/20),Persons,16+ yrs,,,2019/20,62.61418159,58.21981058,66.75541676,,,,472,,Cannot be calculated,Better,Not compared,20190000,,
93077,Proportion of the population meeting the recommended '5-a-day' on a 'usual day' (adults),E92000001,England,E07000098,Hertsmere,Districts & UAs (2019/20),Persons,16+ yrs,,,2019/20,61.06082705,56.75129359,65.14478266,,,,495,,Cannot be calculated,Better,Not compared,20190000,,
93077,Proportion of the population meeting the recommended '5-a-day' on a 'usual day' (adults),E92000001,England,E07000099,North Hertfordshire,Districts & UAs (2019/20),Persons,16+ yrs,,,2019/20,62.25075123,57.80845804,66.46612112,,,,469,,Cannot be calculated,Better,Not compared,20190000,,
93077,Proportion of the population meeting the recommended '5-a-day' on a 'usual day' (adults),E92000001,England,E07000102,Three Rivers,Districts & UAs (2019/20),Persons,16+ yrs,,,2019/20,57.46028194,53.03701649,61.72085317,,,,484,,Cannot be calculated,Similar,Not compared,20190000,,
93077,Proportion of the population meeting the recommended '5-a-day' on a 'usual day' (adults),E92000001,England,E07000103,Watford,Districts & UAs (2019/20),Persons,16+ yrs,,,2019/20,56.20574349,51.68489695,60.60133744,,,,468,,Cannot be calculated,Similar,Not compared,20190000,,
93077,Proportion of the population meeting the recommended '5-a-day' on a 'usual day' (adults),E92000001,England,E07000105,Ashford,Districts & UAs (2019/20),Persons,16+ yrs,,,2019/20,53.22233495,48.66922037,57.68125587,,,,463,,Cannot be calculated,Similar,Not compared,20190000,,
93077,Proportion of the population meeting the recommended '5-a-day' on a 'usual day' (adults),E92000001,England,E07000106,Canterbury,Districts & UAs (2019/20),Persons,16+ yrs,,,2019/20,56.82791334,52.48787377,60.96489424,,,,494,,Cannot be calculated,Similar,Not compared,20190000,,
93077,Proportion of the population meeting the recommended '5-a-day' on a 'usual day' (adults),E92000001,England,E07000107,Dartford,Districts & UAs (2019/20),Persons,16+ yrs,,,2019/20,52.37719761,47.98447819,56.7313355,,,,497,,Cannot be calculated,Similar,Not compared,20190000,,
93077,Proportion of the population meeting the recommended '5-a-day' on a 'usual day' (adults),E92000001,England,E07000108,Dover,Districts & UAs (2019/20),Persons,16+ yrs,,,2019/20,56.73569321,52.38626138,60.89143832,,,,494,,Cannot be calculated,Similar,Not compared,20190000,,
93077,Proportion of the population meeting the recommended '5-a-day' on a 'usual day' (adults),E92000001,England,E07000109,Gravesham,Districts & UAs (2019/20),Persons,16+ yrs,,,2019/20,51.44897221,46.98126019,55.83267605,,,,481,,Cannot be calculated,Similar,Not compared,20190000,,
93077,Proportion of the population meeting the recommended '5-a-day' on a 'usual day' (adults),E92000001,England,E07000110,Maidstone,Districts & UAs (2019/20),Persons,16+ yrs,,,2019/20,52.67215409,48.25239879,56.99546467,,,,491,,Cannot be calculated,Similar,Not compared,20190000,,
93077,Proportion of the population meeting the recommended '5-a-day' on a 'usual day' (adults),E92000001,England,E07000111,Sevenoaks,Districts & UAs (2019/20),Persons,16+ yrs,,,2019/20,64.84482495,60.52520515,68.90413399,,,,484,,Cannot be calculated,Better,Not compared,20190000,,
93077,Proportion of the population meeting the recommended '5-a-day' on a 'usual day' (adults),E92000001,England,E07000112,Folkestone & Hythe,Districts & UAs (2019/20),Persons,16+ yrs,,,2019/20,57.88913461,53.5502426,62.04890401,,,,499,,Cannot be calculated,Similar,Not compared,20190000,,
93077,Proportion of the population meeting the recommended '5-a-day' on a 'usual day' (adults),E92000001,England,E07000113,Swale,Districts & UAs (2019/20),Persons,16+ yrs,,,2019/20,47.19618402,42.73727011,51.59138521,,,,483,,Cannot be calculated,Worse,Not compared,20190000,,
93077,Proportion of the population meeting the recommended '5-a-day' on a 'usual day' (adults),E92000001,England,E07000114,Thanet,Districts & UAs (2019/20),Persons,16+ yrs,,,2019/20,58.10592173,53.72855279,62.3459404,,,,497,,Cannot be calculated,Similar,Not compared,20190000,,
93077,Proportion of the population meeting the recommended '5-a-day' on a 'usual day' (adults),E92000001,England,E07000115,Tonbridge and Malling,Districts & UAs (2019/20),Persons,16+ yrs,,,2019/20,58.73586659,54.33878418,62.93771595,,,,484,,Cannot be calculated,Similar,Not compared,20190000,,
93077,Proportion of the population meeting the recommended '5-a-day' on a 'usual day' (adults),E92000001,England,E07000116,Tunbridge Wells,Districts & UAs (2019/20),Persons,16+ yrs,,,2019/20,67.6875046,63.47025865,71.6114769,,,,493,,Cannot be calculated,Better,Not compared,20190000,,
93077,Proportion of the population meeting the recommended '5-a-day' on a 'usual day' (adults),E92000001,England,E07000117,Burnley,Districts & UAs (2019/20),Persons,16+ yrs,,,2019/20,51.67438358,47.23158635,56.10416528,,,,484,,Cannot be calculated,Similar,Not compared,20190000,,
93077,Proportion of the population meeting the recommended '5-a-day' on a 'usual day' (adults),E92000001,England,E07000118,Chorley,Districts & UAs (2019/20),Persons,16+ yrs,,,2019/20,58.74243991,54.44565211,62.92838109,,,,518,,Cannot be calculated,Similar,Not compared,20190000,,
93077,Proportion of the population meeting the recommended '5-a-day' on a 'usual day' (adults),E92000001,England,E07000119,Fylde,Districts & UAs (2019/20),Persons,16+ yrs,,,2019/20,59.85152834,55.50733695,64.04141538,,,,502,,Cannot be calculated,Better,Not compared,20190000,,
93077,Proportion of the population meeting the recommended '5-a-day' on a 'usual day' (adults),E92000001,England,E07000120,Hyndburn,Districts & UAs (2019/20),Persons,16+ yrs,,,2019/20,45.22612676,40.76733374,49.71700939,,,,475,,Cannot be calculated,Worse,Not compared,20190000,,
93077,Proportion of the population meeting the recommended '5-a-day' on a 'usual day' (adults),E92000001,England,E07000121,Lancaster,Districts & UAs (2019/20),Persons,16+ yrs,,,2019/20,53.14999034,48.70072732,57.47672892,,,,483,,Cannot be calculated,Similar,Not compared,20190000,,
93077,Proportion of the population meeting the recommended '5-a-day' on a 'usual day' (adults),E92000001,England,E07000122,Pendle,Districts & UAs (2019/20),Persons,16+ yrs,,,2019/20,48.66104615,44.15321042,53.1431176,,,,471,,Cannot be calculated,Worse,Not compared,20190000,,
93077,Proportion of the population meeting the recommended '5-a-day' on a 'usual day' (adults),E92000001,England,E07000123,Preston,Districts & UAs (2019/20),Persons,16+ yrs,,,2019/20,51.44728099,47.0296901,55.80818392,,,,492,,Cannot be calculated,Similar,Not compared,20190000,,
93077,Proportion of the population meeting the recommended '5-a-day' on a 'usual day' (adults),E92000001,England,E07000124,Ribble Valley,Districts & UAs (2019/20),Persons,16+ yrs,,,2019/20,57.40690632,52.98444939,61.65219809,,,,482,,Cannot be calculated,Similar,Not compared,20190000,,
93077,Proportion of the population meeting the recommended '5-a-day' on a 'usual day' (adults),E92000001,England,E07000125,Rossendale,Districts & UAs (2019/20),Persons,16+ yrs,,,2019/20,48.7687946,44.33262917,53.13453876,,,,488,,Cannot be calculated,Worse,Not compared,20190000,,
93077,Proportion of the population meeting the recommended '5-a-day' on a 'usual day' (adults),E92000001,England,E07000126,South Ribble,Districts & UAs (2019/20),Persons,16+ yrs,,,2019/20,54.24481137,49.97704113,58.39313884,,,,524,,Cannot be calculated,Similar,Not compared,20190000,,
93077,Proportion of the population meeting the recommended '5-a-day' on a 'usual day' (adults),E92000001,England,E07000127,West Lancashire,Districts & UAs (2019/20),Persons,16+ yrs,,,2019/20,51.73330545,47.18019087,56.19222637,,,,463,,Cannot be calculated,Similar,Not compared,20190000,,
93077,Proportion of the population meeting the recommended '5-a-day' on a 'usual day' (adults),E92000001,England,E07000128,Wyre,Districts & UAs (2019/20),Persons,16+ yrs,,,2019/20,52.2291085,47.80058482,56.61778295,,,,489,,Cannot be calculated,Similar,Not compared,20190000,,
93077,Proportion of the population meeting the recommended '5-a-day' on a 'usual day' (adults),E92000001,England,E07000129,Blaby,Districts & UAs (2019/20),Persons,16+ yrs,,,2019/20,57.35420941,53.04908978,61.56089413,,,,517,,Cannot be calculated,Similar,Not compared,20190000,,
93077,Proportion of the population meeting the recommended '5-a-day' on a 'usual day' (adults),E92000001,England,E07000130,Charnwood,Districts & UAs (2019/20),Persons,16+ yrs,,,2019/20,56.66220107,52.20266048,60.98941667,,,,480,,Cannot be calculated,Similar,Not compared,20190000,,
93077,Proportion of the population meeting the recommended '5-a-day' on a 'usual day' (adults),E92000001,England,E07000131,Harborough,Districts & UAs (2019/20),Persons,16+ yrs,,,2019/20,66.49204753,62.05866026,70.71512685,,,,474,,Cannot be calculated,Better,Not compared,20190000,,
93077,Proportion of the population meeting the recommended '5-a-day' on a 'usual day' (adults),E92000001,England,E07000132,Hinckley and Bosworth,Districts & UAs (2019/20),Persons,16+ yrs,,,2019/20,52.08378217,47.60221611,56.50864041,,,,478,,Cannot be calculated,Similar,Not compared,20190000,,
93077,Proportion of the population meeting the recommended '5-a-day' on a 'usual day' (adults),E92000001,England,E07000133,Melton,Districts & UAs (2019/20),Persons,16+ yrs,,,2019/20,60.60839643,56.19770525,64.84571911,,,,485,,Cannot be calculated,Better,Not compared,20190000,,
93077,Proportion of the population meeting the recommended '5-a-day' on a 'usual day' (adults),E92000001,England,E07000134,North West Leicestershire,Districts & UAs (2019/20),Persons,16+ yrs,,,2019/20,51.88326502,47.32898739,56.35756691,,,,463,,Cannot be calculated,Similar,Not compared,20190000,,
93077,Proportion of the population meeting the recommended '5-a-day' on a 'usual day' (adults),E92000001,England,E07000135,Oadby and Wigston,Districts & UAs (2019/20),Persons,16+ yrs,,,2019/20,57.33878837,52.83282777,61.77151214,,,,473,,Cannot be calculated,Similar,Not compared,20190000,,
93077,Proportion of the population meeting the recommended '5-a-day' on a 'usual day' (adults),E92000001,England,E07000136,Boston,Districts & UAs (2019/20),Persons,16+ yrs,,,2019/20,53.82667451,49.21835248,58.31327345,,,,451,,Cannot be calculated,Similar,Not compared,20190000,,
93077,Proportion of the population meeting the recommended '5-a-day' on a 'usual day' (adults),E92000001,England,E07000137,East Lindsey,Districts & UAs (2019/20),Persons,16+ yrs,,,2019/20,57.02511923,52.45410746,61.48944602,,,,459,,Cannot be calculated,Similar,Not compared,20190000,,
93077,Proportion of the population meeting the recommended '5-a-day' on a 'usual day' (adults),E92000001,England,E07000138,Lincoln,Districts & UAs (2019/20),Persons,16+ yrs,,,2019/20,50.10148971,45.55612533,54.62374998,,,,463,,Cannot be calculated,Worse,Not compared,20190000,,
93077,Proportion of the population meeting the recommended '5-a-day' on a 'usual day' (adults),E92000001,England,E07000139,North Kesteven,Districts & UAs (2019/20),Persons,16+ yrs,,,2019/20,59.21775663,54.77932899,63.50198495,,,,482,,Cannot be calculated,Similar,Not compared,20190000,,
93077,Proportion of the population meeting the recommended '5-a-day' on a 'usual day' (adults),E92000001,England,E07000140,South Holland,Districts & UAs (2019/20),Persons,16+ yrs,,,2019/20,53.99435401,49.53089586,58.37907208,,,,482,,Cannot be calculated,Similar,Not compared,20190000,,
93077,Proportion of the population meeting the recommended '5-a-day' on a 'usual day' (adults),E92000001,England,E07000141,South Kesteven,Districts & UAs (2019/20),Persons,16+ yrs,,,2019/20,55.58473266,51.12087577,59.8961782,,,,477,,Cannot be calculated,Similar,Not compared,20190000,,
93077,Proportion of the population meeting the recommended '5-a-day' on a 'usual day' (adults),E92000001,England,E07000142,West Lindsey,Districts & UAs (2019/20),Persons,16+ yrs,,,2019/20,60.90114643,56.63697257,64.98058656,,,,514,,Cannot be calculated,Better,Not compared,20190000,,
93077,Proportion of the population meeting the recommended '5-a-day' on a 'usual day' (adults),E92000001,England,E07000143,Breckland,Districts & UAs (2019/20),Persons,16+ yrs,,,2019/20,57.08004449,52.58153564,61.41745511,,,,469,,Cannot be calculated,Similar,Not compared,20190000,,
93077,Proportion of the population meeting the recommended '5-a-day' on a 'usual day' (adults),E92000001,England,E07000144,Broadland,Districts & UAs (2019/20),Persons,16+ yrs,,,2019/20,61.31341717,56.88092849,65.52960175,,,,473,,Cannot be calculated,Better,Not compared,20190000,,
93077,Proportion of the population meeting the recommended '5-a-day' on a 'usual day' (adults),E92000001,England,E07000145,Great Yarmouth,Districts & UAs (2019/20),Persons,16+ yrs,,,2019/20,50.43121598,45.92055066,54.87346621,,,,472,,Cannot be calculated,Worse,Not compared,20190000,,
93077,Proportion of the population meeting the recommended '5-a-day' on a 'usual day' (adults),E92000001,England,E07000146,King's Lynn and West Norfolk,Districts & UAs (2019/20),Persons,16+ yrs,,,2019/20,57.11824722,52.64151179,61.4693689,,,,477,,Cannot be calculated,Similar,Not compared,20190000,,
93077,Proportion of the population meeting the recommended '5-a-day' on a 'usual day' (adults),E92000001,England,E07000147,North Norfolk,Districts & UAs (2019/20),Persons,16+ yrs,,,2019/20,61.03160941,56.6223809,65.2128328,,,,475,,Cannot be calculated,Better,Not compared,20190000,,
93077,Proportion of the population meeting the recommended '5-a-day' on a 'usual day' (adults),E92000001,England,E07000148,Norwich,Districts & UAs (2019/20),Persons,16+ yrs,,,2019/20,52.31135298,48.62238969,55.91557143,,,,701,,Cannot be calculated,Similar,Not compared,20190000,,
93077,Proportion of the population meeting the recommended '5-a-day' on a 'usual day' (adults),E92000001,England,E07000149,South Norfolk,Districts & UAs (2019/20),Persons,16+ yrs,,,2019/20,60.86189198,56.56583523,64.93353307,,,,498,,Cannot be calculated,Better,Not compared,20190000,,
93077,Proportion of the population meeting the recommended '5-a-day' on a 'usual day' (adults),E92000001,England,E07000163,Craven,Districts & UAs (2019/20),Persons,16+ yrs,,,2019/20,57.26897215,52.94636791,61.4152806,,,,503,,Cannot be calculated,Similar,Not compared,20190000,,
93077,Proportion of the population meeting the recommended '5-a-day' on a 'usual day' (adults),E92000001,England,E07000164,Hambleton,Districts & UAs (2019/20),Persons,16+ yrs,,,2019/20,63.21314799,58.88052648,67.30632093,,,,487,,Cannot be calculated,Better,Not compared,20190000,,
93077,Proportion of the population meeting the recommended '5-a-day' on a 'usual day' (adults),E92000001,England,E07000165,Harrogate,Districts & UAs (2019/20),Persons,16+ yrs,,,2019/20,62.69325889,58.3388907,66.80484518,,,,482,,Cannot be calculated,Better,Not compared,20190000,,
93077,Proportion of the population meeting the recommended '5-a-day' on a 'usual day' (adults),E92000001,England,E07000166,Richmondshire,Districts & UAs (2019/20),Persons,16+ yrs,,,2019/20,56.00281977,51.67271989,60.19995399,,,,508,,Cannot be calculated,Similar,Not compared,20190000,,
93077,Proportion of the population meeting the recommended '5-a-day' on a 'usual day' (adults),E92000001,England,E07000167,Ryedale,Districts & UAs (2019/20),Persons,16+ yrs,,,2019/20,62.23591253,57.94946572,66.30213189,,,,501,,Cannot be calculated,Better,Not compared,20190000,,
93077,Proportion of the population meeting the recommended '5-a-day' on a 'usual day' (adults),E92000001,England,E07000168,Scarborough,Districts & UAs (2019/20),Persons,16+ yrs,,,2019/20,55.92424868,51.53498853,60.16451954,,,,493,,Cannot be calculated,Similar,Not compared,20190000,,
93077,Proportion of the population meeting the recommended '5-a-day' on a 'usual day' (adults),E92000001,England,E07000169,Selby,Districts & UAs (2019/20),Persons,16+ yrs,,,2019/20,55.43853581,51.01303761,59.7540501,,,,489,,Cannot be calculated,Similar,Not compared,20190000,,
93077,Proportion of the population meeting the recommended '5-a-day' on a 'usual day' (adults),E92000001,England,E07000170,Ashfield,Districts & UAs (2019/20),Persons,16+ yrs,,,2019/20,49.31546685,44.89746851,53.70026291,,,,491,,Cannot be calculated,Worse,Not compared,20190000,,
93077,Proportion of the population meeting the recommended '5-a-day' on a 'usual day' (adults),E92000001,England,E07000171,Bassetlaw,Districts & UAs (2019/20),Persons,16+ yrs,,,2019/20,52.5604679,48.05017312,57.00918911,,,,472,,Cannot be calculated,Similar,Not compared,20190000,,
93077,Proportion of the population meeting the recommended '5-a-day' on a 'usual day' (adults),E92000001,England,E07000172,Broxtowe,Districts & UAs (2019/20),Persons,16+ yrs,,,2019/20,56.8188829,52.29016443,61.18587265,,,,463,,Cannot be calculated,Similar,Not compared,20190000,,
93077,Proportion of the population meeting the recommended '5-a-day' on a 'usual day' (adults),E92000001,England,E07000173,Gedling,Districts & UAs (2019/20),Persons,16+ yrs,,,2019/20,58.72833758,54.35047846,62.94687375,,,,494,,Cannot be calculated,Similar,Not compared,20190000,,
93077,Proportion of the population meeting the recommended '5-a-day' on a 'usual day' (adults),E92000001,England,E07000174,Mansfield,Districts & UAs (2019/20),Persons,16+ yrs,,,2019/20,50.4625321,46.10405494,54.79699566,,,,504,,Cannot be calculated,Worse,Not compared,20190000,,
93077,Proportion of the population meeting the recommended '5-a-day' on a 'usual day' (adults),E92000001,England,E07000175,Newark and Sherwood,Districts & UAs (2019/20),Persons,16+ yrs,,,2019/20,61.33752167,56.97184325,65.48697346,,,,486,,Cannot be calculated,Better,Not compared,20190000,,
93077,Proportion of the population meeting the recommended '5-a-day' on a 'usual day' (adults),E92000001,England,E07000176,Rushcliffe,Districts & UAs (2019/20),Persons,16+ yrs,,,2019/20,64.62483966,60.49712188,68.52347217,,,,532,,Cannot be calculated,Better,Not compared,20190000,,
93077,Proportion of the population meeting the recommended '5-a-day' on a 'usual day' (adults),E92000001,England,E07000177,Cherwell,Districts & UAs (2019/20),Persons,16+ yrs,,,2019/20,50.90868961,46.46335123,55.24871067,,,,485,,Cannot be calculated,Worse,Not compared,20190000,,
93077,Proportion of the population meeting the recommended '5-a-day' on a 'usual day' (adults),E92000001,England,E07000178,Oxford,Districts & UAs (2019/20),Persons,16+ yrs,,,2019/20,63.245735,59.74829057,66.56193234,,,,726,,Cannot be calculated,Better,Not compared,20190000,,
93077,Proportion of the population meeting the recommended '5-a-day' on a 'usual day' (adults),E92000001,England,E07000179,South Oxfordshire,Districts & UAs (2019/20),Persons,16+ yrs,,,2019/20,60.65232365,56.37939225,64.72658654,,,,509,,Cannot be calculated,Better,Not compared,20190000,,
93077,Proportion of the population meeting the recommended '5-a-day' on a 'usual day' (adults),E92000001,England,E07000180,Vale of White Horse,Districts & UAs (2019/20),Persons,16+ yrs,,,2019/20,66.62223907,62.49597551,70.43659471,,,,503,,Cannot be calculated,Better,Not compared,20190000,,
93077,Proportion of the population meeting the recommended '5-a-day' on a 'usual day' (adults),E92000001,England,E07000181,West Oxfordshire,Districts & UAs (2019/20),Persons,16+ yrs,,,2019/20,60.15678121,55.87135879,64.26552373,,,,511,,Cannot be calculated,Better,Not compared,20190000,,
93077,Proportion of the population meeting the recommended '5-a-day' on a 'usual day' (adults),E92000001,England,E07000187,Mendip,Districts & UAs (2019/20),Persons,16+ yrs,,,2019/20,67.52207401,63.25035662,71.54021079,,,,495,,Cannot be calculated,Better,Not compared,20190000,,
93077,Proportion of the population meeting the recommended '5-a-day' on a 'usual day' (adults),E92000001,England,E07000188,Sedgemoor,Districts & UAs (2019/20),Persons,16+ yrs,,,2019/20,58.7245883,54.24107419,63.03216208,,,,470,,Cannot be calculated,Similar,Not compared,20190000,,
93077,Proportion of the population meeting the recommended '5-a-day' on a 'usual day' (adults),E92000001,England,E07000189,South Somerset,Districts & UAs (2019/20),Persons,16+ yrs,,,2019/20,61.27861366,56.95224266,65.4028174,,,,497,,Cannot be calculated,Better,Not compared,20190000,,
93077,Proportion of the population meeting the recommended '5-a-day' on a 'usual day' (adults),E92000001,England,E07000192,Cannock Chase,Districts & UAs (2019/20),Persons,16+ yrs,,,2019/20,45.47177159,41.16411078,49.82708214,,,,506,,Cannot be calculated,Worse,Not compared,20190000,,
93077,Proportion of the population meeting the recommended '5-a-day' on a 'usual day' (adults),E92000001,England,E07000193,East Staffordshire,Districts & UAs (2019/20),Persons,16+ yrs,,,2019/20,54.65720139,50.08304822,59.15360109,,,,459,,Cannot be calculated,Similar,Not compared,20190000,,
93077,Proportion of the population meeting the recommended '5-a-day' on a 'usual day' (adults),E92000001,England,E07000194,Lichfield,Districts & UAs (2019/20),Persons,16+ yrs,,,2019/20,51.33793604,46.84252622,55.74383274,,,,475,,Cannot be calculated,Similar,Not compared,20190000,,
93077,Proportion of the population meeting the recommended '5-a-day' on a 'usual day' (adults),E92000001,England,E07000195,Newcastle-under-Lyme,Districts & UAs (2019/20),Persons,16+ yrs,,,2019/20,53.97828683,49.44636167,58.40713621,,,,467,,Cannot be calculated,Similar,Not compared,20190000,,
93077,Proportion of the population meeting the recommended '5-a-day' on a 'usual day' (adults),E92000001,England,E07000196,South Staffordshire,Districts & UAs (2019/20),Persons,16+ yrs,,,2019/20,51.70423313,47.15493211,56.17213173,,,,464,,Cannot be calculated,Similar,Not compared,20190000,,
93077,Proportion of the population meeting the recommended '5-a-day' on a 'usual day' (adults),E92000001,England,E07000197,Stafford,Districts & UAs (2019/20),Persons,16+ yrs,,,2019/20,56.2349489,51.89192119,60.42880326,,,,503,,Cannot be calculated,Similar,Not compared,20190000,,
93077,Proportion of the population meeting the recommended '5-a-day' on a 'usual day' (adults),E92000001,England,E07000198,Staffordshire Moorlands,Districts & UAs (2019/20),Persons,16+ yrs,,,2019/20,57.91404079,53.54543688,62.11082583,,,,494,,Cannot be calculated,Similar,Not compared,20190000,,
93077,Proportion of the population meeting the recommended '5-a-day' on a 'usual day' (adults),E92000001,England,E07000199,Tamworth,Districts & UAs (2019/20),Persons,16+ yrs,,,2019/20,52.96358853,48.42571052,57.47151176,,,,465,,Cannot be calculated,Similar,Not compared,20190000,,
93077,Proportion of the population meeting the recommended '5-a-day' on a 'usual day' (adults),E92000001,England,E07000200,Babergh,Districts & UAs (2019/20),Persons,16+ yrs,,,2019/20,59.97431062,55.54575491,64.22091947,,,,480,,Cannot be calculated,Better,Not compared,20190000,,
93077,Proportion of the population meeting the recommended '5-a-day' on a 'usual day' (adults),E92000001,England,E07000202,Ipswich,Districts & UAs (2019/20),Persons,16+ yrs,,,2019/20,51.89337916,47.3674002,56.31150172,,,,468,,Cannot be calculated,Similar,Not compared,20190000,,
93077,Proportion of the population meeting the recommended '5-a-day' on a 'usual day' (adults),E92000001,England,E07000203,Mid Suffolk,Districts & UAs (2019/20),Persons,16+ yrs,,,2019/20,60.25382303,55.77585027,64.5699935,,,,473,,Cannot be calculated,Better,Not compared,20190000,,
93077,Proportion of the population meeting the recommended '5-a-day' on a 'usual day' (adults),E92000001,England,E07000207,Elmbridge,Districts & UAs (2019/20),Persons,16+ yrs,,,2019/20,59.70775585,55.40117272,63.83565247,,,,506,,Cannot be calculated,Similar,Not compared,20190000,,
93077,Proportion of the population meeting the recommended '5-a-day' on a 'usual day' (adults),E92000001,England,E07000208,Epsom and Ewell,Districts & UAs (2019/20),Persons,16+ yrs,,,2019/20,51.51704909,47.12128719,55.81054618,,,,496,,Cannot be calculated,Similar,Not compared,20190000,,
93077,Proportion of the population meeting the recommended '5-a-day' on a 'usual day' (adults),E92000001,England,E07000209,Guildford,Districts & UAs (2019/20),Persons,16+ yrs,,,2019/20,57.78774248,53.56684147,61.75848237,,,,506,,Cannot be calculated,Similar,Not compared,20190000,,
93077,Proportion of the population meeting the recommended '5-a-day' on a 'usual day' (adults),E92000001,England,E07000210,Mole Valley,Districts & UAs (2019/20),Persons,16+ yrs,,,2019/20,57.91324773,53.53287542,62.10712558,,,,489,,Cannot be calculated,Similar,Not compared,20190000,,
93077,Proportion of the population meeting the recommended '5-a-day' on a 'usual day' (adults),E92000001,England,E07000211,Reigate and Banstead,Districts & UAs (2019/20),Persons,16+ yrs,,,2019/20,56.07997924,51.84185529,60.2174137,,,,533,,Cannot be calculated,Similar,Not compared,20190000,,
93077,Proportion of the population meeting the recommended '5-a-day' on a 'usual day' (adults),E92000001,England,E07000212,Runnymede,Districts & UAs (2019/20),Persons,16+ yrs,,,2019/20,57.52657066,53.06365065,61.81310334,,,,474,,Cannot be calculated,Similar,Not compared,20190000,,
93077,Proportion of the population meeting the recommended '5-a-day' on a 'usual day' (adults),E92000001,England,E07000213,Spelthorne,Districts & UAs (2019/20),Persons,16+ yrs,,,2019/20,53.08242389,48.58598747,57.5096143,,,,475,,Cannot be calculated,Similar,Not compared,20190000,,
93077,Proportion of the population meeting the recommended '5-a-day' on a 'usual day' (adults),E92000001,England,E07000214,Surrey Heath,Districts & UAs (2019/20),Persons,16+ yrs,,,2019/20,55.38798098,50.93752303,59.7191818,,,,483,,Cannot be calculated,Similar,Not compared,20190000,,
93077,Proportion of the population meeting the recommended '5-a-day' on a 'usual day' (adults),E92000001,England,E07000215,Tandridge,Districts & UAs (2019/20),Persons,16+ yrs,,,2019/20,59.48017497,55.05274845,63.736998,,,,482,,Cannot be calculated,Similar,Not compared,20190000,,
93077,Proportion of the population meeting the recommended '5-a-day' on a 'usual day' (adults),E92000001,England,E07000216,Waverley,Districts & UAs (2019/20),Persons,16+ yrs,,,2019/20,63.37954061,59.08388482,67.37246046,,,,476,,Cannot be calculated,Better,Not compared,20190000,,
93077,Proportion of the population meeting the recommended '5-a-day' on a 'usual day' (adults),E92000001,England,E07000217,Woking,Districts & UAs (2019/20),Persons,16+ yrs,,,2019/20,57.21651281,52.81998057,61.44019281,,,,488,,Cannot be calculated,Similar,Not compared,20190000,,
93077,Proportion of the population meeting the recommended '5-a-day' on a 'usual day' (adults),E92000001,England,E07000218,North Warwickshire,Districts & UAs (2019/20),Persons,16+ yrs,,,2019/20,47.03756445,42.53761681,51.4233989,,,,473,,Cannot be calculated,Worse,Not compared,20190000,,
93077,Proportion of the population meeting the recommended '5-a-day' on a 'usual day' (adults),E92000001,England,E07000219,Nuneaton and Bedworth,Districts & UAs (2019/20),Persons,16+ yrs,,,2019/20,50.95061012,46.49777928,55.35463269,,,,484,,Cannot be calculated,Worse,Not compared,20190000,,
93077,Proportion of the population meeting the recommended '5-a-day' on a 'usual day' (adults),E92000001,England,E07000220,Rugby,Districts & UAs (2019/20),Persons,16+ yrs,,,2019/20,58.24345906,53.76898459,62.55850653,,,,474,,Cannot be calculated,Similar,Not compared,20190000,,
93077,Proportion of the population meeting the recommended '5-a-day' on a 'usual day' (adults),E92000001,England,E07000221,Stratford-on-Avon,Districts & UAs (2019/20),Persons,16+ yrs,,,2019/20,63.21491977,58.90496185,67.25805918,,,,484,,Cannot be calculated,Better,Not compared,20190000,,
93077,Proportion of the population meeting the recommended '5-a-day' on a 'usual day' (adults),E92000001,England,E07000222,Warwick,Districts & UAs (2019/20),Persons,16+ yrs,,,2019/20,60.83323145,56.50108173,64.95052293,,,,493,,Cannot be calculated,Better,Not compared,20190000,,
93077,Proportion of the population meeting the recommended '5-a-day' on a 'usual day' (adults),E92000001,England,E07000223,Adur,Districts & UAs (2019/20),Persons,16+ yrs,,,2019/20,59.34989047,54.90943905,63.59860914,,,,476,,Cannot be calculated,Similar,Not compared,20190000,,
93077,Proportion of the population meeting the recommended '5-a-day' on a 'usual day' (adults),E92000001,England,E07000224,Arun,Districts & UAs (2019/20),Persons,16+ yrs,,,2019/20,59.51294048,55.0974487,63.76154484,,,,485,,Cannot be calculated,Similar,Not compared,20190000,,
93077,Proportion of the population meeting the recommended '5-a-day' on a 'usual day' (adults),E92000001,England,E07000225,Chichester,Districts & UAs (2019/20),Persons,16+ yrs,,,2019/20,64.63912577,60.31631214,68.70755758,,,,485,,Cannot be calculated,Better,Not compared,20190000,,
93077,Proportion of the population meeting the recommended '5-a-day' on a 'usual day' (adults),E92000001,England,E07000226,Crawley,Districts & UAs (2019/20),Persons,16+ yrs,,,2019/20,54.43748321,50.09220176,58.69116608,,,,508,,Cannot be calculated,Similar,Not compared,20190000,,
93077,Proportion of the population meeting the recommended '5-a-day' on a 'usual day' (adults),E92000001,England,E07000227,Horsham,Districts & UAs (2019/20),Persons,16+ yrs,,,2019/20,61.72404655,57.35788201,65.82842743,,,,475,,Cannot be calculated,Better,Not compared,20190000,,
93077,Proportion of the population meeting the recommended '5-a-day' on a 'usual day' (adults),E92000001,England,E07000228,Mid Sussex,Districts & UAs (2019/20),Persons,16+ yrs,,,2019/20,62.30360286,57.96788296,66.44641508,,,,497,,Cannot be calculated,Better,Not compared,20190000,,
93077,Proportion of the population meeting the recommended '5-a-day' on a 'usual day' (adults),E92000001,England,E07000229,Worthing,Districts & UAs (2019/20),Persons,16+ yrs,,,2019/20,60.16330535,55.80156185,64.37654548,,,,499,,Cannot be calculated,Better,Not compared,20190000,,
93077,Proportion of the population meeting the recommended '5-a-day' on a 'usual day' (adults),E92000001,England,E07000234,Bromsgrove,Districts & UAs (2019/20),Persons,16+ yrs,,,2019/20,52.96975817,48.63526487,57.18015018,,,,508,,Cannot be calculated,Similar,Not compared,20190000,,
93077,Proportion of the population meeting the recommended '5-a-day' on a 'usual day' (adults),E92000001,England,E07000235,Malvern Hills,Districts & UAs (2019/20),Persons,16+ yrs,,,2019/20,59.69811828,55.27435683,63.89268919,,,,472,,Cannot be calculated,Similar,Not compared,20190000,,
93077,Proportion of the population meeting the recommended '5-a-day' on a 'usual day' (adults),E92000001,England,E07000236,Redditch,Districts & UAs (2019/20),Persons,16+ yrs,,,2019/20,55.83268532,51.29686272,60.24340266,,,,465,,Cannot be calculated,Similar,Not compared,20190000,,
93077,Proportion of the population meeting the recommended '5-a-day' on a 'usual day' (adults),E92000001,England,E07000237,Worcester,Districts & UAs (2019/20),Persons,16+ yrs,,,2019/20,57.5044231,52.95835429,61.9017037,,,,461,,Cannot be calculated,Similar,Not compared,20190000,,
93077,Proportion of the population meeting the recommended '5-a-day' on a 'usual day' (adults),E92000001,England,E07000238,Wychavon,Districts & UAs (2019/20),Persons,16+ yrs,,,2019/20,60.64738263,56.33405789,64.73824094,,,,495,,Cannot be calculated,Better,Not compared,20190000,,
93077,Proportion of the population meeting the recommended '5-a-day' on a 'usual day' (adults),E92000001,England,E07000239,Wyre Forest,Districts & UAs (2019/20),Persons,16+ yrs,,,2019/20,55.4368922,51.00531122,59.80312041,,,,489,,Cannot be calculated,Similar,Not compared,20190000,,
93077,Proportion of the population meeting the recommended '5-a-day' on a 'usual day' (adults),E92000001,England,E07000240,St Albans,Districts & UAs (2019/20),Persons,16+ yrs,,,2019/20,63.47211663,59.10846858,67.65227262,,,,493,,Cannot be calculated,Better,Not compared,20190000,,
93077,Proportion of the population meeting the recommended '5-a-day' on a 'usual day' (adults),E92000001,England,E07000241,Welwyn Hatfield,Districts & UAs (2019/20),Persons,16+ yrs,,,2019/20,52.75033385,48.46520399,56.91700357,,,,520,,Cannot be calculated,Similar,Not compared,20190000,,
93077,Proportion of the population meeting the recommended '5-a-day' on a 'usual day' (adults),E92000001,England,E07000242,East Hertfordshire,Districts & UAs (2019/20),Persons,16+ yrs,,,2019/20,57.4566851,52.95461573,61.79523025,,,,468,,Cannot be calculated,Similar,Not compared,20190000,,
93077,Proportion of the population meeting the recommended '5-a-day' on a 'usual day' (adults),E92000001,England,E07000243,Stevenage,Districts & UAs (2019/20),Persons,16+ yrs,,,2019/20,57.06948745,52.50593767,61.47799595,,,,457,,Cannot be calculated,Similar,Not compared,20190000,,
93077,Proportion of the population meeting the recommended '5-a-day' on a 'usual day' (adults),E92000001,England,E07000244,East Suffolk,Districts & UAs (2019/20),Persons,16+ yrs,,,2019/20,64.79970352,60.51068095,68.82572108,,,,489,,Cannot be calculated,Better,Not compared,20190000,,
93077,Proportion of the population meeting the recommended '5-a-day' on a 'usual day' (adults),E92000001,England,E07000245,West Suffolk,Districts & UAs (2019/20),Persons,16+ yrs,,,2019/20,63.31210268,58.90897424,67.4864973,,,,476,,Cannot be calculated,Better,Not compared,20190000,,
93077,Proportion of the population meeting the recommended '5-a-day' on a 'usual day' (adults),E92000001,England,E07000246,Somerset West and Taunton,Districts & UAs (2019/20),Persons,16+ yrs,,,2019/20,58.74468648,54.2477054,63.04347035,,,,464,,Cannot be calculated,Similar,Not compared,20190000,,
93077,Proportion of the population meeting the recommended '5-a-day' on a 'usual day' (adults),E92000001,England,E08000001,Bolton,Districts & UAs (2019/20),Persons,16+ yrs,,,2019/20,49.99244723,46.79100196,53.16905459,,,,937,,Cannot be calculated,Worse,Not compared,20190000,,
93077,Proportion of the population meeting the recommended '5-a-day' on a 'usual day' (adults),E92000001,England,E08000002,Bury,Districts & UAs (2019/20),Persons,16+ yrs,,,2019/20,51.1844427,48.05775502,54.27938594,,,,982,,Cannot be calculated,Worse,Not compared,20190000,,
93077,Proportion of the population meeting the recommended '5-a-day' on a 'usual day' (adults),E92000001,England,E08000003,Manchester,Districts & UAs (2019/20),Persons,16+ yrs,,,2019/20,53.43880398,51.17832964,55.68262997,,,,1877,,Cannot be calculated,Similar,Not compared,20190000,,
93077,Proportion of the population meeting the recommended '5-a-day' on a 'usual day' (adults),E92000001,England,E08000004,Oldham,Districts & UAs (2019/20),Persons,16+ yrs,,,2019/20,46.72960766,43.48463768,49.96718663,,,,910,,Cannot be calculated,Worse,Not compared,20190000,,
93077,Proportion of the population meeting the recommended '5-a-day' on a 'usual day' (adults),E92000001,England,E08000005,Rochdale,Districts & UAs (2019/20),Persons,16+ yrs,,,2019/20,44.36289004,41.18741807,47.56768222,,,,935,,Cannot be calculated,Worse,Not compared,20190000,,
93077,Proportion of the population meeting the recommended '5-a-day' on a 'usual day' (adults),E92000001,England,E08000006,Salford,Districts & UAs (2019/20),Persons,16+ yrs,,,2019/20,48.73633477,45.56969841,51.89459837,,,,956,,Cannot be calculated,Worse,Not compared,20190000,,
93077,Proportion of the population meeting the recommended '5-a-day' on a 'usual day' (adults),E92000001,England,E08000007,Stockport,Districts & UAs (2019/20),Persons,16+ yrs,,,2019/20,49.97081188,46.7728058,53.14061432,,,,939,,Cannot be calculated,Worse,Not compared,20190000,,
93077,Proportion of the population meeting the recommended '5-a-day' on a 'usual day' (adults),E92000001,England,E08000008,Tameside,Districts & UAs (2019/20),Persons,16+ yrs,,,2019/20,50.1213793,47.00792006,53.23444575,,,,987,,Cannot be calculated,Worse,Not compared,20190000,,
93077,Proportion of the population meeting the recommended '5-a-day' on a 'usual day' (adults),E92000001,England,E08000009,Trafford,Districts & UAs (2019/20),Persons,16+ yrs,,,2019/20,55.20384756,52.10553949,58.23682205,,,,989,,Cannot be calculated,Similar,Not compared,20190000,,
93077,Proportion of the population meeting the recommended '5-a-day' on a 'usual day' (adults),E92000001,England,E08000010,Wigan,Districts & UAs (2019/20),Persons,16+ yrs,,,2019/20,48.86187187,45.7605606,51.95855413,,,,996,,Cannot be calculated,Worse,Not compared,20190000,,
93077,Proportion of the population meeting the recommended '5-a-day' on a 'usual day' (adults),E92000001,England,E08000011,Knowsley,Districts & UAs (2019/20),Persons,16+ yrs,,,2019/20,43.81785722,39.29338479,48.37638961,,,,461,,Cannot be calculated,Worse,Not compared,20190000,,
93077,Proportion of the population meeting the recommended '5-a-day' on a 'usual day' (adults),E92000001,England,E08000012,Liverpool,Districts & UAs (2019/20),Persons,16+ yrs,,,2019/20,46.70848566,44.47591543,48.94095222,,,,1923,,Cannot be calculated,Worse,Not compared,20190000,,
93077,Proportion of the population meeting the recommended '5-a-day' on a 'usual day' (adults),E92000001,England,E08000013,St. Helens,Districts & UAs (2019/20),Persons,16+ yrs,,,2019/20,47.49375452,43.05991791,51.95559385,,,,481,,Cannot be calculated,Worse,Not compared,20190000,,
93077,Proportion of the population meeting the recommended '5-a-day' on a 'usual day' (adults),E92000001,England,E08000014,Sefton,Districts & UAs (2019/20),Persons,16+ yrs,,,2019/20,51.8846609,47.50220102,56.19392712,,,,500,,Cannot be calculated,Similar,Not compared,20190000,,
93077,Proportion of the population meeting the recommended '5-a-day' on a 'usual day' (adults),E92000001,England,E08000015,Wirral,Districts & UAs (2019/20),Persons,16+ yrs,,,2019/20,52.76155517,48.39804904,57.08003578,,,,504,,Cannot be calculated,Similar,Not compared,20190000,,
93077,Proportion of the population meeting the recommended '5-a-day' on a 'usual day' (adults),E92000001,England,E08000016,Barnsley,Districts & UAs (2019/20),Persons,16+ yrs,,,2019/20,55.06536725,50.52955837,59.46314592,,,,464,,Cannot be calculated,Similar,Not compared,20190000,,
93077,Proportion of the population meeting the recommended '5-a-day' on a 'usual day' (adults),E92000001,England,E08000017,Doncaster,Districts & UAs (2019/20),Persons,16+ yrs,,,2019/20,48.55594844,46.86610501,50.24263665,,,,3363,,Cannot be calculated,Worse,Not compared,20190000,,
93077,Proportion of the population meeting the recommended '5-a-day' on a 'usual day' (adults),E92000001,England,E08000018,Rotherham,Districts & UAs (2019/20),Persons,16+ yrs,,,2019/20,47.00591226,42.68620894,51.32415543,,,,511,,Cannot be calculated,Worse,Not compared,20190000,,
93077,Proportion of the population meeting the recommended '5-a-day' on a 'usual day' (adults),E92000001,England,E08000019,Sheffield,Districts & UAs (2019/20),Persons,16+ yrs,,,2019/20,55.4617537,53.22515558,57.66678491,,,,1896,,Cannot be calculated,Similar,Not compared,20190000,,
93077,Proportion of the population meeting the recommended '5-a-day' on a 'usual day' (adults),E92000001,England,E08000021,Newcastle upon Tyne,Districts & UAs (2019/20),Persons,16+ yrs,,,2019/20,54.59604522,52.38985269,56.76712321,,,,1938,,Cannot be calculated,Similar,Not compared,20190000,,
93077,Proportion of the population meeting the recommended '5-a-day' on a 'usual day' (adults),E92000001,England,E08000022,North Tyneside,Districts & UAs (2019/20),Persons,16+ yrs,,,2019/20,59.77697388,55.41899132,63.94519113,,,,493,,Cannot be calculated,Similar,Not compared,20190000,,
93077,Proportion of the population meeting the recommended '5-a-day' on a 'usual day' (adults),E92000001,England,E08000023,South Tyneside,Districts & UAs (2019/20),Persons,16+ yrs,,,2019/20,49.18625287,44.76162807,53.59807381,,,,488,,Cannot be calculated,Worse,Not compared,20190000,,
93077,Proportion of the population meeting the recommended '5-a-day' on a 'usual day' (adults),E92000001,England,E08000024,Sunderland,Districts & UAs (2019/20),Persons,16+ yrs,,,2019/20,48.39613524,43.89594125,52.89977904,,,,470,,Cannot be calculated,Worse,Not compared,20190000,,
93077,Proportion of the population meeting the recommended '5-a-day' on a 'usual day' (adults),E92000001,England,E08000025,Birmingham,Districts & UAs (2019/20),Persons,16+ yrs,,,2019/20,47.46738034,45.19040423,49.74604204,,,,1847,,Cannot be calculated,Worse,Not compared,20190000,,
93077,Proportion of the population meeting the recommended '5-a-day' on a 'usual day' (adults),E92000001,England,E08000026,Coventry,Districts & UAs (2019/20),Persons,16+ yrs,,,2019/20,50.73973064,46.30604758,55.16050464,,,,486,,Cannot be calculated,Worse,Not compared,20190000,,
93077,Proportion of the population meeting the recommended '5-a-day' on a 'usual day' (adults),E92000001,England,E08000027,Dudley,Districts & UAs (2019/20),Persons,16+ yrs,,,2019/20,54.95876125,50.48206314,59.38064807,,,,479,,Cannot be calculated,Similar,Not compared,20190000,,
93077,Proportion of the population meeting the recommended '5-a-day' on a 'usual day' (adults),E92000001,England,E08000028,Sandwell,Districts & UAs (2019/20),Persons,16+ yrs,,,2019/20,47.3679692,42.83243278,51.92871121,,,,460,,Cannot be calculated,Worse,Not compared,20190000,,
93077,Proportion of the population meeting the recommended '5-a-day' on a 'usual day' (adults),E92000001,England,E08000029,Solihull,Districts & UAs (2019/20),Persons,16+ yrs,,,2019/20,54.28922166,49.89809281,58.53449785,,,,493,,Cannot be calculated,Similar,Not compared,20190000,,
93077,Proportion of the population meeting the recommended '5-a-day' on a 'usual day' (adults),E92000001,England,E08000030,Walsall,Districts & UAs (2019/20),Persons,16+ yrs,,,2019/20,51.3087526,46.83338567,55.7807558,,,,476,,Cannot be calculated,Similar,Not compared,20190000,,
93077,Proportion of the population meeting the recommended '5-a-day' on a 'usual day' (adults),E92000001,England,E08000031,Wolverhampton,Districts & UAs (2019/20),Persons,16+ yrs,,,2019/20,48.46705561,43.96146579,52.93843788,,,,472,,Cannot be calculated,Worse,Not compared,20190000,,
93077,Proportion of the population meeting the recommended '5-a-day' on a 'usual day' (adults),E92000001,England,E08000032,Bradford,Districts & UAs (2019/20),Persons,16+ yrs,,,2019/20,51.72111456,48.60676914,54.80656812,,,,990,,Cannot be calculated,Worse,Not compared,20190000,,
93077,Proportion of the population meeting the recommended '5-a-day' on a 'usual day' (adults),E92000001,England,E08000033,Calderdale,Districts & UAs (2019/20),Persons,16+ yrs,,,2019/20,53.77179773,49.28016166,58.18606795,,,,476,,Cannot be calculated,Similar,Not compared,20190000,,
93077,Proportion of the population meeting the recommended '5-a-day' on a 'usual day' (adults),E92000001,England,E08000034,Kirklees,Districts & UAs (2019/20),Persons,16+ yrs,,,2019/20,50.04311608,45.63091906,54.40669555,,,,493,,Cannot be calculated,Worse,Not compared,20190000,,
93077,Proportion of the population meeting the recommended '5-a-day' on a 'usual day' (adults),E92000001,England,E08000035,Leeds,Districts & UAs (2019/20),Persons,16+ yrs,,,2019/20,53.73420483,51.49850063,55.94856033,,,,1914,,Cannot be calculated,Similar,Not compared,20190000,,
93077,Proportion of the population meeting the recommended '5-a-day' on a 'usual day' (adults),E92000001,England,E08000036,Wakefield,Districts & UAs (2019/20),Persons,16+ yrs,,,2019/20,50.5774695,46.11225058,55.00150794,,,,481,,Cannot be calculated,Worse,Not compared,20190000,,
93077,Proportion of the population meeting the recommended '5-a-day' on a 'usual day' (adults),E92000001,England,E08000037,Gateshead,Districts & UAs (2019/20),Persons,16+ yrs,,,2019/20,53.14403319,48.69896087,57.5116512,,,,486,,Cannot be calculated,Similar,Not compared,20190000,,
93077,Proportion of the population meeting the recommended '5-a-day' on a 'usual day' (adults),E92000001,England,E09000001,City of London,Districts & UAs (2019/20),Persons,16+ yrs,,,2019/20,66.85602016,60.93400537,72.35206286,,,,265,,Cannot be calculated,Better,Not compared,20190000,,
93077,Proportion of the population meeting the recommended '5-a-day' on a 'usual day' (adults),E92000001,England,E09000002,Barking and Dagenham,Districts & UAs (2019/20),Persons,16+ yrs,,,2019/20,47.8826949,43.31305258,52.53347782,,,,444,,Cannot be calculated,Worse,Not compared,20190000,,
93077,Proportion of the population meeting the recommended '5-a-day' on a 'usual day' (adults),E92000001,England,E09000003,Barnet,Districts & UAs (2019/20),Persons,16+ yrs,,,2019/20,57.06994307,52.60605974,61.39038894,,,,478,,Cannot be calculated,Similar,Not compared,20190000,,
93077,Proportion of the population meeting the recommended '5-a-day' on a 'usual day' (adults),E92000001,England,E09000004,Bexley,Districts & UAs (2019/20),Persons,16+ yrs,,,2019/20,54.27169169,49.77856977,58.66178907,,,,475,,Cannot be calculated,Similar,Not compared,20190000,,
93077,Proportion of the population meeting the recommended '5-a-day' on a 'usual day' (adults),E92000001,England,E09000005,Brent,Districts & UAs (2019/20),Persons,16+ yrs,,,2019/20,58.7004808,54.35453283,62.88174302,,,,500,,Cannot be calculated,Similar,Not compared,20190000,,
93077,Proportion of the population meeting the recommended '5-a-day' on a 'usual day' (adults),E92000001,England,E09000006,Bromley,Districts & UAs (2019/20),Persons,16+ yrs,,,2019/20,59.39177865,54.96014567,63.6274542,,,,477,,Cannot be calculated,Similar,Not compared,20190000,,
93077,Proportion of the population meeting the recommended '5-a-day' on a 'usual day' (adults),E92000001,England,E09000007,Camden,Districts & UAs (2019/20),Persons,16+ yrs,,,2019/20,60.82076444,56.41380798,65.01678047,,,,479,,Cannot be calculated,Better,Not compared,20190000,,
93077,Proportion of the population meeting the recommended '5-a-day' on a 'usual day' (adults),E92000001,England,E09000008,Croydon,Districts & UAs (2019/20),Persons,16+ yrs,,,2019/20,52.18985003,47.65275299,56.62518478,,,,466,,Cannot be calculated,Similar,Not compared,20190000,,
93077,Proportion of the population meeting the recommended '5-a-day' on a 'usual day' (adults),E92000001,England,E09000009,Ealing,Districts & UAs (2019/20),Persons,16+ yrs,,,2019/20,52.35468671,47.88732385,56.73474697,,,,481,,Cannot be calculated,Similar,Not compared,20190000,,
93077,Proportion of the population meeting the recommended '5-a-day' on a 'usual day' (adults),E92000001,England,E09000010,Enfield,Districts & UAs (2019/20),Persons,16+ yrs,,,2019/20,55.58082967,51.08191307,59.96222672,,,,473,,Cannot be calculated,Similar,Not compared,20190000,,
93077,Proportion of the population meeting the recommended '5-a-day' on a 'usual day' (adults),E92000001,England,E09000011,Greenwich,Districts & UAs (2019/20),Persons,16+ yrs,,,2019/20,53.2268458,48.79147953,57.60779563,,,,488,,Cannot be calculated,Similar,Not compared,20190000,,
93077,Proportion of the population meeting the recommended '5-a-day' on a 'usual day' (adults),E92000001,England,E09000012,Hackney,Districts & UAs (2019/20),Persons,16+ yrs,,,2019/20,61.31653452,57.06005305,65.38970625,,,,516,,Cannot be calculated,Better,Not compared,20190000,,
93077,Proportion of the population meeting the recommended '5-a-day' on a 'usual day' (adults),E92000001,England,E09000013,Hammersmith and Fulham,Districts & UAs (2019/20),Persons,16+ yrs,,,2019/20,62.24487867,57.77551323,66.56287616,,,,476,,Cannot be calculated,Better,Not compared,20190000,,
93077,Proportion of the population meeting the recommended '5-a-day' on a 'usual day' (adults),E92000001,England,E09000014,Haringey,Districts & UAs (2019/20),Persons,16+ yrs,,,2019/20,52.32531342,47.88787388,56.64657149,,,,486,,Cannot be calculated,Similar,Not compared,20190000,,
93077,Proportion of the population meeting the recommended '5-a-day' on a 'usual day' (adults),E92000001,England,E09000015,Harrow,Districts & UAs (2019/20),Persons,16+ yrs,,,2019/20,62.36917737,57.94107997,66.59208709,,,,476,,Cannot be calculated,Better,Not compared,20190000,,
93077,Proportion of the population meeting the recommended '5-a-day' on a 'usual day' (adults),E92000001,England,E09000016,Havering,Districts & UAs (2019/20),Persons,16+ yrs,,,2019/20,51.75334881,47.21191395,56.25073253,,,,465,,Cannot be calculated,Similar,Not compared,20190000,,
93077,Proportion of the population meeting the recommended '5-a-day' on a 'usual day' (adults),E92000001,England,E09000017,Hillingdon,Districts & UAs (2019/20),Persons,16+ yrs,,,2019/20,49.29202038,44.78288653,53.74984291,,,,472,,Cannot be calculated,Worse,Not compared,20190000,,
93077,Proportion of the population meeting the recommended '5-a-day' on a 'usual day' (adults),E92000001,England,E09000018,Hounslow,Districts & UAs (2019/20),Persons,16+ yrs,,,2019/20,55.49052052,50.99902644,59.87223435,,,,475,,Cannot be calculated,Similar,Not compared,20190000,,
93077,Proportion of the population meeting the recommended '5-a-day' on a 'usual day' (adults),E92000001,England,E06000058,"Bournemouth, Christchurch and Poole",Districts & UAs (2019/20),Persons,16+ yrs,,,2019/20,57.84841006,53.345925,62.1658803,,,,465,,Cannot be calculated,Similar,Not compared,20190000,,
93077,Proportion of the population meeting the recommended '5-a-day' on a 'usual day' (adults),E92000001,England,E06000059,Dorset,Districts & UAs (2019/20),Persons,16+ yrs,,,2019/20,64.81903905,60.38373682,68.96177839,,,,455,,Cannot be calculated,Better,Not compared,20190000,,
93077,Proportion of the population meeting the recommended '5-a-day' on a 'usual day' (adults),E92000001,England,E09000019,Islington,Districts & UAs (2019/20),Persons,16+ yrs,,,2019/20,58.76244642,54.40070292,62.97568655,,,,499,,Cannot be calculated,Similar,Not compared,20190000,,
93077,Proportion of the population meeting the recommended '5-a-day' on a 'usual day' (adults),E92000001,England,E09000020,Kensington and Chelsea,Districts & UAs (2019/20),Persons,16+ yrs,,,2019/20,57.99864438,53.65150238,62.13550527,,,,491,,Cannot be calculated,Similar,Not compared,20190000,,
93077,Proportion of the population meeting the recommended '5-a-day' on a 'usual day' (adults),E92000001,England,E09000021,Kingston upon Thames,Districts & UAs (2019/20),Persons,16+ yrs,,,2019/20,57.5854,53.22517504,61.77518362,,,,496,,Cannot be calculated,Similar,Not compared,20190000,,
93077,Proportion of the population meeting the recommended '5-a-day' on a 'usual day' (adults),E92000001,England,E09000022,Lambeth,Districts & UAs (2019/20),Persons,16+ yrs,,,2019/20,58.64043492,54.14193584,62.96248225,,,,467,,Cannot be calculated,Similar,Not compared,20190000,,
93077,Proportion of the population meeting the recommended '5-a-day' on a 'usual day' (adults),E92000001,England,E09000023,Lewisham,Districts & UAs (2019/20),Persons,16+ yrs,,,2019/20,53.52923227,49.29306296,57.64951139,,,,532,,Cannot be calculated,Similar,Not compared,20190000,,
93077,Proportion of the population meeting the recommended '5-a-day' on a 'usual day' (adults),E92000001,England,E09000024,Merton,Districts & UAs (2019/20),Persons,16+ yrs,,,2019/20,53.28900144,48.95229162,57.51828311,,,,509,,Cannot be calculated,Similar,Not compared,20190000,,
93077,Proportion of the population meeting the recommended '5-a-day' on a 'usual day' (adults),E92000001,England,E09000025,Newham,Districts & UAs (2019/20),Persons,16+ yrs,,,2019/20,48.46587905,43.94133776,53.00996996,,,,463,,Cannot be calculated,Worse,Not compared,20190000,,
93077,Proportion of the population meeting the recommended '5-a-day' on a 'usual day' (adults),E92000001,England,E09000026,Redbridge,Districts & UAs (2019/20),Persons,16+ yrs,,,2019/20,53.22021673,48.84050932,57.50538233,,,,500,,Cannot be calculated,Similar,Not compared,20190000,,
93077,Proportion of the population meeting the recommended '5-a-day' on a 'usual day' (adults),E92000001,England,E09000027,Richmond upon Thames,Districts & UAs (2019/20),Persons,16+ yrs,,,2019/20,64.40327415,60.20842969,68.32237392,,,,503,,Cannot be calculated,Better,Not compared,20190000,,
93077,Proportion of the population meeting the recommended '5-a-day' on a 'usual day' (adults),E92000001,England,E09000028,Southwark,Districts & UAs (2019/20),Persons,16+ yrs,,,2019/20,53.44491547,49.12014322,57.64362249,,,,510,,Cannot be calculated,Similar,Not compared,20190000,,
93077,Proportion of the population meeting the recommended '5-a-day' on a 'usual day' (adults),E92000001,England,E09000029,Sutton,Districts & UAs (2019/20),Persons,16+ yrs,,,2019/20,55.68112491,51.1675007,60.07745556,,,,470,,Cannot be calculated,Similar,Not compared,20190000,,
93077,Proportion of the population meeting the recommended '5-a-day' on a 'usual day' (adults),E92000001,England,E09000030,Tower Hamlets,Districts & UAs (2019/20),Persons,16+ yrs,,,2019/20,52.21853136,47.74092257,56.62139748,,,,479,,Cannot be calculated,Similar,Not compared,20190000,,
93077,Proportion of the population meeting the recommended '5-a-day' on a 'usual day' (adults),E92000001,England,E09000031,Waltham Forest,Districts & UAs (2019/20),Persons,16+ yrs,,,2019/20,55.78263981,51.35285794,60.06821796,,,,485,,Cannot be calculated,Similar,Not compared,20190000,,
93077,Proportion of the population meeting the recommended '5-a-day' on a 'usual day' (adults),E92000001,England,E09000032,Wandsworth,Districts & UAs (2019/20),Persons,16+ yrs,,,2019/20,63.94553398,59.56462228,68.09225197,,,,479,,Cannot be calculated,Better,Not compared,20190000,,
93077,Proportion of the population meeting the recommended '5-a-day' on a 'usual day' (adults),E92000001,England,E09000033,Westminster,Districts & UAs (2019/20),Persons,16+ yrs,,,2019/20,56.05874828,51.52640738,60.41104928,,,,460,,Cannot be calculated,Similar,Not compared,20190000,,
